station_id,latitude,longitude,elevation,declination,declination_model,comments,channels_recorded,start_time,end_time,sample_rate,n_runs,instrument,mth5_file,duration_days
VIC001,-38.91854,146.44154,90.0,12.45,AGRF,"Ex and Ey dipoles deployed in S-N and W-E directions, channels 0-2 (magnetic fields) and 3-5 (electric fields) were swapped .","['bx', 'by', 'bz', 'ex', 'ey']",2014-04-11 06:00:00+00:00,2014-05-08 00:59:59.900000+00:00,10.0,1,EDL,E:\MT_Timeseries_DATA\MT_AusLAMP_GA\EDL_MTH5\VIC001.h5,26.791665509259257
VIC002,-38.34441,142.4666,33.0,10.583,AGRF,nan,"['bx', 'by', 'bz', 'ex', 'ey']",2014-05-13 00:00:00+00:00,2014-06-06 03:59:59.900000+00:00,10.0,1,EDL,E:\MT_Timeseries_DATA\MT_AusLAMP_GA\EDL_MTH5\VIC002.h5,24.166665509259257
VIC003,-38.51675,142.97397,50.0,10.85,AGRF,nan,"['bx', 'by', 'bz', 'ex', 'ey']",2014-05-12 03:00:00+00:00,2014-06-06 22:59:59.900000+00:00,10.0,5,EDL,E:\MT_Timeseries_DATA\MT_AusLAMP_GA\EDL_MTH5\VIC003.h5,25.833332175925925
VIC004R,-38.53071,143.494243,100.8,11.093,AGRF,,"['bx', 'by', 'bz', 'ex', 'ey', 'temperature_e', 'temperature_h']",2017-12-14 03:20:00+00:00,2018-01-19 22:06:37+00:00,1.0,1,LEMI-424,E:\MT_Timeseries_DATA\MT_AusLAMP_GA\LEMI_MTH5\VIC004R.h5,36.78237268518519
VIC005,-38.51191,143.98602,184.0,11.45,AGRF,nan,"['bx', 'by', 'bz', 'ex', 'ey']",2014-05-11 00:00:00+00:00,2014-05-28 22:59:59.900000+00:00,10.0,1,EDL,E:\MT_Timeseries_DATA\MT_AusLAMP_GA\EDL_MTH5\VIC005.h5,17.958332175925925
VIC006,-38.44941,144.99806,120.0,11.75,AGRF,nan,"['bx', 'by', 'bz', 'ex', 'ey']",2014-04-06 07:00:00+00:00,2014-05-08 21:59:59.900000+00:00,10.0,1,EDL,E:\MT_Timeseries_DATA\MT_AusLAMP_GA\EDL_MTH5\VIC006.h5,32.62499884259259
VIC007,-38.49665,145.51129,,12.0,AGRF,nan,"['bx', 'by', 'bz', 'ex', 'ey']",2014-05-08 08:00:00+00:00,2014-05-26 17:59:59.900000+00:00,10.0,1,EDL,E:\MT_Timeseries_DATA\MT_AusLAMP_GA\EDL_MTH5\VIC007.h5,18.416665509259257
VIC008,-38.50123,145.99519,46.0,12.218,AGRF,nan,"['bx', 'by', 'bz', 'ex', 'ey']",2014-04-09 02:00:00+00:00,2014-05-07 21:59:59.900000+00:00,10.0,1,EDL,E:\MT_Timeseries_DATA\MT_AusLAMP_GA\EDL_MTH5\VIC008.h5,28.833332175925925
VIC009R,-38.513007,146.518,309.3,12.501,AGRF,,"['bx', 'by', 'bz', 'ex', 'ey', 'temperature_e', 'temperature_h']",2017-12-18 00:00:00+00:00,2018-01-19 22:30:32+00:00,1.0,1,LEMI-424,E:\MT_Timeseries_DATA\MT_AusLAMP_GA\LEMI_MTH5\VIC009R.h5,32.93787037037037
VIC010,-38.46585,147.02672,3.0,12.46,AGRF,nan,"['bx', 'by', 'bz', 'ex', 'ey']",2014-04-11 05:00:00+00:00,2014-05-07 01:59:59.900000+00:00,10.0,1,EDL,E:\MT_Timeseries_DATA\MT_AusLAMP_GA\EDL_MTH5\VIC010.h5,25.874998842592593
VIC011,-38.03095,141.02692,30.0,9.81,AGRF,nan,"['bx', 'by', 'bz', 'ex', 'ey']",2014-05-18 07:00:00+00:00,2014-06-09 21:59:59.900000+00:00,10.0,2,EDL,E:\MT_Timeseries_DATA\MT_AusLAMP_GA\EDL_MTH5\VIC011.h5,22.624998842592593
VIC012R,-37.993583,141.504748,80.4,9.865,AGRF,,"['bx', 'by', 'bz', 'ex', 'ey', 'temperature_e', 'temperature_h']",2017-12-18 00:00:00+00:00,2018-01-20 23:59:59+00:00,1.0,1,LEMI-424,E:\MT_Timeseries_DATA\MT_AusLAMP_GA\LEMI_MTH5\VIC012R.h5,33.99998842592593
VIC013,-37.95552,141.50978,156.0,10.037,AGRF,nan,"['bx', 'by', 'bz', 'ex', 'ey']",2014-05-16 04:00:00+00:00,2014-06-10 04:25:59.900000+00:00,10.0,1,EDL,E:\MT_Timeseries_DATA\MT_AusLAMP_GA\EDL_MTH5\VIC013.h5,25.01805439814815
VIC014,-37.98032,142.46696,121.0,10.457,AGRF,nan,"['bx', 'by', 'bz', 'ex', 'ey']",2014-04-15 00:00:00+00:00,2014-05-13 03:55:59.900000+00:00,10.0,1,EDL,E:\MT_Timeseries_DATA\MT_AusLAMP_GA\EDL_MTH5\VIC014.h5,28.16388773148148
VIC015,-37.96734,143.01093,126.0,10.902,AGRF,nan,"['bx', 'by', 'bz', 'ex', 'ey']",2014-04-15 03:00:00+00:00,2014-05-13 05:59:59.900000+00:00,10.0,1,EDL,E:\MT_Timeseries_DATA\MT_AusLAMP_GA\EDL_MTH5\VIC015.h5,28.124998842592593
VIC016R,-37.935005,143.462277,188.6,10.725,AGRF,,"['bx', 'by', 'bz', 'ex', 'ey', 'temperature_e', 'temperature_h']",2017-12-13 05:55:00+00:00,2018-01-19 23:59:59+00:00,1.0,1,LEMI-424,E:\MT_Timeseries_DATA\MT_AusLAMP_GA\LEMI_MTH5\VIC016R.h5,37.75346064814815
VIC017,-37.99654,144.00183,165.0,11.166,AGRF,nan,"['bx', 'by', 'bz', 'ex', 'ey']",2014-03-03 03:00:00+00:00,2014-04-12 22:59:59.900000+00:00,10.0,1,EDL,E:\MT_Timeseries_DATA\MT_AusLAMP_GA\EDL_MTH5\VIC017.h5,40.833332175925925
VIC018,-37.99478,144.47993,46.0,11.377,AGRF,nan,"['bx', 'by', 'bz', 'ex', 'ey']",2014-03-01 02:00:00+00:00,2014-04-11 23:59:59.900000+00:00,10.0,1,EDL,E:\MT_Timeseries_DATA\MT_AusLAMP_GA\EDL_MTH5\VIC018.h5,41.91666550925926
VIC021R,-38.00432,146.005772,319.6,12.061,AGRF,,"['bx', 'by', 'bz', 'ex', 'ey', 'temperature_e', 'temperature_h']",2017-12-15 07:23:00+00:00,2018-01-19 23:59:59+00:00,1.0,1,LEMI-424,E:\MT_Timeseries_DATA\MT_AusLAMP_GA\LEMI_MTH5\VIC021R.h5,35.69234953703704
VIC022,-38.01918,146.49956,381.0,12.72,AGRF,nan,"['bx', 'by', 'bz', 'ex', 'ey']",2014-04-18 01:00:00+00:00,2014-05-10 03:59:59.900000+00:00,10.0,1,EDL,E:\MT_Timeseries_DATA\MT_AusLAMP_GA\EDL_MTH5\VIC022.h5,22.124998842592593
VIC023,-38.01103,147.00424,27.0,12.468,AGRF,nan,"['bx', 'by', 'bz', 'ex', 'ey']",2014-04-10 06:00:00+00:00,2014-05-08 04:59:59.900000+00:00,10.0,1,EDL,E:\MT_Timeseries_DATA\MT_AusLAMP_GA\EDL_MTH5\VIC023.h5,27.958332175925925
VIC024,-37.99233,147.48901,26.0,12.668,AGRF,nan,"['bx', 'by', 'bz', 'ex', 'ey']",2014-04-10 02:00:00+00:00,2014-05-06 21:59:59.900000+00:00,10.0,1,EDL,E:\MT_Timeseries_DATA\MT_AusLAMP_GA\EDL_MTH5\VIC024.h5,26.833332175925925
VIC025R,-37.487907,140.996397,69.8,9.771,AGRF,,"['bx', 'by', 'bz', 'ex', 'ey', 'temperature_e', 'temperature_h']",2017-12-16 06:22:00+00:00,2018-01-20 22:33:24+00:00,1.0,1,LEMI-424,E:\MT_Timeseries_DATA\MT_AusLAMP_GA\LEMI_MTH5\VIC025R.h5,35.67458333333333
VIC026,-37.48913,141.49579,219.0,9.884,AGRF,nan,"['bx', 'by', 'bz', 'ex', 'ey']",2014-04-16 07:00:00+00:00,2014-05-19 02:17:59.900000+00:00,10.0,1,EDL,E:\MT_Timeseries_DATA\MT_AusLAMP_GA\EDL_MTH5\VIC026.h5,32.804165509259256
VIC027,-37.47198,141.94753,121.0,10.105,AGRF,nan,"['bx', 'by', 'bz', 'ex', 'ey']",2014-04-15 08:00:00+00:00,2014-05-16 06:43:59.900000+00:00,10.0,17,EDL,E:\MT_Timeseries_DATA\MT_AusLAMP_GA\EDL_MTH5\VIC027.h5,30.947221064814812
VIC028,-37.46004,142.50754,281.0,10.341,AGRF,nan,"['bx', 'by', 'bz', 'ex', 'ey']",2014-05-15 03:00:00+00:00,2014-06-08 06:32:59.900000+00:00,10.0,1,EDL,E:\MT_Timeseries_DATA\MT_AusLAMP_GA\EDL_MTH5\VIC028.h5,24.14791550925926
VIC029R,-37.500598,142.995932,299.2,10.692,AGRF,,"['bx', 'by', 'bz', 'ex', 'ey', 'temperature_e', 'temperature_h']",2017-12-13 00:51:00+00:00,2018-01-19 23:59:59+00:00,1.0,1,LEMI-424,E:\MT_Timeseries_DATA\MT_AusLAMP_GA\LEMI_MTH5\VIC029R.h5,37.96457175925926
VIC030,-37.52126,143.51387,361.0,10.797,AGRF,nan,"['bx', 'by', 'bz', 'ex', 'ey']",2014-03-02 08:00:00+00:00,2014-04-13 02:51:59.900000+00:00,10.0,10,EDL,E:\MT_Timeseries_DATA\MT_AusLAMP_GA\EDL_MTH5\VIC030.h5,41.7861099537037
VIC031,-37.51206,144.02329,633.0,11.015,AGRF,nan,"['bx', 'by', 'bz', 'ex', 'ey']",2014-05-14 03:00:00+00:00,2014-05-27 05:59:59.900000+00:00,10.0,1,EDL,E:\MT_Timeseries_DATA\MT_AusLAMP_GA\EDL_MTH5\VIC031.h5,13.124998842592591
VIC032,-37.49892,144.50072,546.0,11.015,AGRF,nan,"['bx', 'by', 'bz', 'ex', 'ey']",2014-03-04 03:00:00+00:00,2014-04-05 22:46:59.900000+00:00,10.0,1,EDL,E:\MT_Timeseries_DATA\MT_AusLAMP_GA\EDL_MTH5\VIC032.h5,32.82430439814815
VIC033R,-37.497248,145.003808,266.4,11.242,AGRF,"Unparsable data:
Filename: row number(s)
201712250000.TXT: 55486
201801030000.TXT: 41177
201801090000.TXT: 78165","['bx', 'by', 'bz', 'ex', 'ey', 'temperature_e', 'temperature_h']",2017-12-14 04:54:00+00:00,2018-01-20 23:59:59+00:00,1.0,4,LEMI-424,E:\MT_Timeseries_DATA\MT_AusLAMP_GA\LEMI_MTH5\VIC033R.h5,37.79582175925926
VIC034R,-37.532132,145.488802,602.5,11.631,AGRF,,"['bx', 'by', 'bz', 'ex', 'ey', 'temperature_e', 'temperature_h']",2017-12-15 00:00:00+00:00,2018-01-18 23:59:59+00:00,1.0,1,LEMI-424,E:\MT_Timeseries_DATA\MT_AusLAMP_GA\LEMI_MTH5\VIC034R.h5,34.99998842592593
VIC035R,-37.51412,145.871408,1268.2,11.947,AGRF,,"['bx', 'by', 'bz', 'ex', 'ey', 'temperature_e', 'temperature_h']",2017-12-19 03:34:00+00:00,2018-01-20 21:21:48+00:00,1.0,1,LEMI-424,E:\MT_Timeseries_DATA\MT_AusLAMP_GA\LEMI_MTH5\VIC035R.h5,32.741527777777776
VIC036,-37.49631,146.51753,724.0,12.063,AGRF,nan,"['bx', 'by', 'bz', 'ex', 'ey']",2014-04-18 03:00:00+00:00,2014-05-09 13:59:59.900000+00:00,10.0,1,EDL,E:\MT_Timeseries_DATA\MT_AusLAMP_GA\EDL_MTH5\VIC036.h5,21.458332175925925
VIC037,-37.50747,146.95169,1076.0,12.25,AGRF,nan,"['bx', 'by', 'bz', 'ex', 'ey']",2014-04-17 05:00:00+00:00,2014-05-09 02:39:59.900000+00:00,10.0,1,EDL,E:\MT_Timeseries_DATA\MT_AusLAMP_GA\EDL_MTH5\VIC037.h5,21.902776620370368
VIC038,-37.495595,147.52028,858.0,11.629,AGRF,nan,"['bx', 'by', 'bz', 'ex', 'ey']",2013-11-24 01:00:00+00:00,2013-12-31 09:59:59.900000+00:00,10.0,13,EDL,E:\MT_Timeseries_DATA\MT_AusLAMP_GA\EDL_MTH5\VIC038.h5,37.37499884259259
VIC039,-37.509615,148.04359,347.0,12.708,AGRF,nan,"['bx', 'by', 'bz', 'ex', 'ey']",2013-11-24 07:00:00+00:00,2013-12-25 08:59:59.900000+00:00,10.0,7,EDL,E:\MT_Timeseries_DATA\MT_AusLAMP_GA\EDL_MTH5\VIC039.h5,31.083332175925925
VIC040,-37.505215,148.52921,152.0,12.893,AGRF,nan,"['bx', 'by', 'bz', 'ex', 'ey']",2013-11-25 01:00:00+00:00,2014-01-13 15:59:59.900000+00:00,10.0,1,EDL,E:\MT_Timeseries_DATA\MT_AusLAMP_GA\EDL_MTH5\VIC040.h5,49.624998842592596
VIC041,-37.505045,148.99187,350.0,13.089,AGRF,nan,"['bx', 'by', 'bz', 'ex', 'ey']",2013-11-25 07:00:00+00:00,2013-12-31 10:20:59.900000+00:00,10.0,7,EDL,E:\MT_Timeseries_DATA\MT_AusLAMP_GA\EDL_MTH5\VIC041.h5,36.13958217592592
VIC042,-37.501315,149.49786,182.0,13.291,AGRF,nan,"['bx', 'by', 'bz', 'ex', 'ey']",2013-11-26 00:08:00+00:00,2014-01-13 04:31:59.900000+00:00,10.0,1,EDL,E:\MT_Timeseries_DATA\MT_AusLAMP_GA\EDL_MTH5\VIC042.h5,48.183332175925926
VIC043,-36.97889,141.01562,105.0,9.5,AGRF,nan,"['bx', 'by', 'bz', 'ex', 'ey']",2014-06-13 08:00:00+00:00,2014-06-27 21:59:59.900000+00:00,10.0,1,EDL,E:\MT_Timeseries_DATA\MT_AusLAMP_GA\EDL_MTH5\VIC043.h5,14.583332175925925
VIC044R,-36.977718,141.469757,188.9,9.564,AGRF,,"['bx', 'by', 'bz', 'ex', 'ey', 'temperature_e', 'temperature_h']",2017-12-15 03:31:00+00:00,2018-01-20 23:59:59+00:00,1.0,1,LEMI-424,E:\MT_Timeseries_DATA\MT_AusLAMP_GA\LEMI_MTH5\VIC044R.h5,36.85346064814815
VIC045,-37.01335,142.03305,184.0,9.995,AGRF,nan,"['bx', 'by', 'bz', 'ex', 'ey']",2014-04-15 07:00:00+00:00,2014-05-17 00:59:59.900000+00:00,10.0,1,EDL,E:\MT_Timeseries_DATA\MT_AusLAMP_GA\EDL_MTH5\VIC045.h5,31.749998842592593
VIC046,-36.994,142.53633,194.0,10.221,AGRF,nan,"['bx', 'by', 'bz', 'ex', 'ey']",2014-05-20 00:00:00+00:00,2014-06-09 00:59:59.900000+00:00,10.0,2,EDL,E:\MT_Timeseries_DATA\MT_AusLAMP_GA\EDL_MTH5\VIC046.h5,20.041665509259257
VIC047,-37.01701,142.9955,231.0,10.409,AGRF,nan,"['bx', 'by', 'bz', 'ex', 'ey']",2014-04-15 00:00:00+00:00,2014-05-15 05:44:59.900000+00:00,10.0,1,EDL,E:\MT_Timeseries_DATA\MT_AusLAMP_GA\EDL_MTH5\VIC047.h5,30.239582175925925
VIC048,-37.00121,143.49362,226.0,10.631,AGRF,nan,"['bx', 'by', 'bz', 'ex', 'ey']",2014-03-03 01:00:00+00:00,2014-04-13 06:30:59.900000+00:00,10.0,1,EDL,E:\MT_Timeseries_DATA\MT_AusLAMP_GA\EDL_MTH5\VIC048.h5,41.2298599537037
VIC049,-37.00853,144.0253,261.0,10.843,AGRF,nan,"['bx', 'by', 'bz', 'ex', 'ey']",2014-03-02 08:00:00+00:00,2014-04-12 22:32:59.900000+00:00,10.0,1,EDL,E:\MT_Timeseries_DATA\MT_AusLAMP_GA\EDL_MTH5\VIC049.h5,41.60624884259259
VIC050,-36.99714,144.48804,276.0,11.048,AGRF,A wrong site name VIC063 in the raw miniseed files.,"['bx', 'by', 'bz', 'ex', 'ey']",2014-03-04 08:00:00+00:00,2014-04-12 02:59:59.900000+00:00,10.0,1,EDL,E:\MT_Timeseries_DATA\MT_AusLAMP_GA\EDL_MTH5\VIC050.h5,38.79166550925926
VIC051R,-37.00905,144.988163,163.8,11.596,AGRF,"Unparsable data:
Filename: row number(s)
201712240000.TXT: 41267","['bx', 'by', 'bz', 'ex', 'ey', 'temperature_e', 'temperature_h']",2017-12-14 00:00:00+00:00,2018-01-20 23:59:59+00:00,1.0,2,LEMI-424,E:\MT_Timeseries_DATA\MT_AusLAMP_GA\LEMI_MTH5\VIC051R.h5,37.99998842592593
VIC052,-37.00385,145.54587,520.0,11.835,AGRF,nan,"['bx', 'by', 'bz', 'ex', 'ey']",2014-07-25 07:00:00+00:00,2014-08-09 10:51:59.900000+00:00,10.0,2,EDL,E:\MT_Timeseries_DATA\MT_AusLAMP_GA\EDL_MTH5\VIC052.h5,15.161109953703702
VIC053,-37.04676,145.97553,431.0,11.687,AGRF,nan,"['bx', 'by', 'bz', 'ex', 'ey']",2014-07-26 01:30:00+00:00,2014-08-11 02:59:59.900000+00:00,10.0,1,EDL,E:\MT_Timeseries_DATA\MT_AusLAMP_GA\EDL_MTH5\VIC053.h5,16.062498842592593
VIC054,-36.99343,146.49712,928.0,11.87,AGRF,nan,"['bx', 'by', 'bz', 'ex', 'ey']",2014-01-22 03:00:00+00:00,2014-02-24 00:59:59.900000+00:00,10.0,2,EDL,E:\MT_Timeseries_DATA\MT_AusLAMP_GA\EDL_MTH5\VIC054.h5,32.91666550925926
VIC055,-37.01165,146.99582,621.0,12.082,AGRF,nan,"['bx', 'by', 'bz', 'ex', 'ey']",2014-04-09 03:00:00+00:00,2014-06-04 15:39:59.900000+00:00,10.0,4,EDL,E:\MT_Timeseries_DATA\MT_AusLAMP_GA\EDL_MTH5\VIC055.h5,56.527776620370375
VIC056,-36.99378,147.46935,764.0,12.29,AGRF,nan,"['bx', 'by', 'bz', 'ex', 'ey']",2014-05-08 00:00:00+00:00,2014-06-03 08:59:59.900000+00:00,10.0,3,EDL,E:\MT_Timeseries_DATA\MT_AusLAMP_GA\EDL_MTH5\VIC056.h5,26.374998842592593
VIC057,-36.982125,147.97188,1340.0,12.47,AGRF,nan,"['bx', 'by', 'bz', 'ex', 'ey']",2013-11-22 08:00:00+00:00,2014-01-15 20:56:59.900000+00:00,10.0,2,EDL,E:\MT_Timeseries_DATA\MT_AusLAMP_GA\EDL_MTH5\VIC057.h5,54.53958217592593
VIC058R,-37.2364,148.47084,593.0,12.755,AGRF,,"['bx', 'by', 'bz', 'ex', 'ey', 'temperature_e', 'temperature_h']",2016-11-13 00:00:00+00:00,2017-02-17 17:23:06+00:00,1.0,2,LEMI-424,E:\MT_Timeseries_DATA\MT_AusLAMP_GA\LEMI_MTH5\VIC058R.h5,96.724375
VIC059,-36.49998,140.99515,148.0,9.2,AGRF,nan,"['bx', 'by', 'bz', 'ex', 'ey']",2014-06-13 01:00:00+00:00,2014-06-29 14:33:59.900000+00:00,10.0,2,EDL,E:\MT_Timeseries_DATA\MT_AusLAMP_GA\EDL_MTH5\VIC059.h5,16.56527662037037
VIC060,-36.49795,141.50801,176.0,9.5,AGRF,nan,"['bx', 'by', 'bz', 'ex', 'ey']",2014-06-12 02:00:00+00:00,2014-06-26 05:59:59.900000+00:00,10.0,2,EDL,E:\MT_Timeseries_DATA\MT_AusLAMP_GA\EDL_MTH5\VIC060.h5,14.166665509259259
VIC061,-36.49721,142.00276,120.0,9.8,AGRF,nan,"['bx', 'by', 'bz', 'ex', 'ey']",2014-06-11 03:00:00+00:00,2014-06-26 04:59:59.900000+00:00,10.0,2,EDL,E:\MT_Timeseries_DATA\MT_AusLAMP_GA\EDL_MTH5\VIC061.h5,15.083332175925925
VIC062,-36.53301,142.47958,142.0,10.0,AGRF,nan,"['bx', 'by', 'bz', 'ex', 'ey']",2014-06-10 23:00:00+00:00,2014-07-01 07:59:59.900000+00:00,10.0,3,EDL,E:\MT_Timeseries_DATA\MT_AusLAMP_GA\EDL_MTH5\VIC062.h5,20.374998842592593
VIC063,-36.48613,143.002,151.0,10.2,AGRF,nan,"['bx', 'by', 'bz', 'ex', 'ey']",2014-06-17 02:00:00+00:00,2014-07-03 03:59:59.900000+00:00,10.0,12,EDL,E:\MT_Timeseries_DATA\MT_AusLAMP_GA\EDL_MTH5\VIC063.h5,16.083332175925925
VIC064R,-36.50043,143.49446,205.0,10.476,AGRF,,"['bx', 'by', 'bz', 'ex', 'ey', 'temperature_e', 'temperature_h']",2016-12-09 00:00:00+00:00,2017-01-18 21:32:53+00:00,1.0,1,LEMI-424,E:\MT_Timeseries_DATA\MT_AusLAMP_GA\LEMI_MTH5\VIC064R.h5,40.897835648148146
VIC065R,-36.52641,143.96562,142.0,10.682,AGRF,,"['bx', 'by', 'bz', 'ex', 'ey', 'temperature_e', 'temperature_h']",2016-06-22 00:38:00+00:00,2017-01-17 23:59:59+00:00,1.0,4,LEMI-424,E:\MT_Timeseries_DATA\MT_AusLAMP_GA\LEMI_MTH5\VIC065R.h5,209.97359953703705
VIC066,-36.51636,144.50145,144.0,10.896,AGRF,nan,"['bx', 'by', 'bz', 'ex', 'ey']",2014-07-31 05:00:00+00:00,2014-08-17 04:59:59.900000+00:00,10.0,1,EDL,E:\MT_Timeseries_DATA\MT_AusLAMP_GA\EDL_MTH5\VIC066.h5,16.999998842592593
VIC067R,-36.51231,144.99667,112.0,11.109,AGRF,,"['bx', 'by', 'bz', 'ex', 'ey', 'temperature_e', 'temperature_h']",2016-08-11 00:00:00+00:00,2017-01-18 23:59:59+00:00,1.0,3,LEMI-424,E:\MT_Timeseries_DATA\MT_AusLAMP_GA\LEMI_MTH5\VIC067R.h5,160.99998842592592
VIC068,-36.50402,145.50816,119.0,11.295,AGRF,nan,"['bx', 'by', 'bz', 'ex', 'ey']",2014-02-27 23:19:00+00:00,2014-04-03 01:48:59.900000+00:00,10.0,3,EDL,E:\MT_Timeseries_DATA\MT_AusLAMP_GA\EDL_MTH5\VIC068.h5,34.10416550925926
VIC069R,-36.51049,145.978787,168.1,11.654,AGRF,"Unparsable data:
Filename: row number(s)
201712220000.TXT: 82457
201801050000.TXT: 64291","['bx', 'by', 'bz', 'ex', 'ey', 'temperature_e', 'temperature_h']",2017-12-18 00:00:00+00:00,2018-01-20 23:59:59+00:00,1.0,3,LEMI-424,E:\MT_Timeseries_DATA\MT_AusLAMP_GA\LEMI_MTH5\VIC069R.h5,33.99998842592593
VIC070R,-36.502548,146.525865,206.0,11.717,AGRF,,"['bx', 'by', 'bz', 'ex', 'ey', 'temperature_e', 'temperature_h']",2017-12-14 00:00:00+00:00,2018-01-21 20:42:04+00:00,1.0,1,LEMI-424,E:\MT_Timeseries_DATA\MT_AusLAMP_GA\LEMI_MTH5\VIC070R.h5,38.862546296296294
VIC071,-36.49474,146.99718,468.0,11.894,AGRF,nan,"['bx', 'by', 'bz', 'ex', 'ey']",2014-01-18 04:00:00+00:00,2014-02-22 04:59:59.900000+00:00,10.0,1,EDL,E:\MT_Timeseries_DATA\MT_AusLAMP_GA\EDL_MTH5\VIC071.h5,35.04166550925926
VIC072,-36.47522,147.5272,411.0,11.998,AGRF,nan,"['bx', 'by', 'bz', 'ex', 'ey']",2014-01-17 00:00:00+00:00,2014-02-21 10:35:59.900000+00:00,10.0,1,EDL,E:\MT_Timeseries_DATA\MT_AusLAMP_GA\EDL_MTH5\VIC072.h5,35.44166550925926
VIC073,-36.506935,147.97253,123.0,12.288,AGRF,nan,"['bx', 'by', 'bz', 'ex', 'ey']",2013-11-21 03:00:00+00:00,2014-01-16 13:39:59.900000+00:00,10.0,1,EDL,E:\MT_Timeseries_DATA\MT_AusLAMP_GA\EDL_MTH5\VIC073.h5,56.44444328703704
VIC074,-36.00737,141.03912,142.0,9.341,AGRF,nan,"['bx', 'by', 'bz', 'ex', 'ey']",2014-06-14 03:00:00+00:00,2014-06-23 09:59:59.900000+00:00,10.0,2,EDL,E:\MT_Timeseries_DATA\MT_AusLAMP_GA\EDL_MTH5\VIC074.h5,9.291665509259259
VIC074a,-35.99905,141.10686,,9.363,AGRF,nan,"['bx', 'by', 'bz', 'ex', 'ey']",2014-08-21 07:00:00+00:00,2014-09-07 08:58:59.900000+00:00,10.0,1,EDL,E:\MT_Timeseries_DATA\MT_AusLAMP_GA\EDL_MTH5\VIC074a.h5,17.08263773148148
VIC075,-35.99693,141.49992,123.0,9.527,AGRF,nan,"['bx', 'by', 'bz', 'ex', 'ey']",2014-06-15 03:00:00+00:00,2014-06-29 04:53:59.900000+00:00,10.0,1,EDL,E:\MT_Timeseries_DATA\MT_AusLAMP_GA\EDL_MTH5\VIC075.h5,14.079165509259258
VIC076,-36.03297,142.01686,113.0,9.65,AGRF,nan,"['bx', 'by', 'bz', 'ex', 'ey']",2014-06-16 01:00:00+00:00,2014-06-30 04:59:59.900000+00:00,10.0,3,EDL,E:\MT_Timeseries_DATA\MT_AusLAMP_GA\EDL_MTH5\VIC076.h5,14.166665509259259
VIC077,-36.00001,142.50732,110.0,9.934,AGRF,nan,"['bx', 'by', 'bz', 'ex', 'ey']",2014-07-02 02:00:00+00:00,2014-07-15 15:59:59.900000+00:00,10.0,1,EDL,E:\MT_Timeseries_DATA\MT_AusLAMP_GA\EDL_MTH5\VIC077.h5,13.583332175925925
VIC078,-36.01993,143.00235,110.0,10.138,AGRF,nan,"['bx', 'by', 'bz', 'ex', 'ey']",2014-07-01 03:00:00+00:00,2014-07-18 06:59:59.900000+00:00,10.0,1,EDL,E:\MT_Timeseries_DATA\MT_AusLAMP_GA\EDL_MTH5\VIC078.h5,17.166665509259257
VIC078b,-36.0199,143.0023,,10.138,AGRF,nan,"['bx', 'by', 'bz', 'ex', 'ey']",2014-08-22 05:00:00+00:00,2014-09-08 00:59:59.900000+00:00,10.0,26,EDL,E:\MT_Timeseries_DATA\MT_AusLAMP_GA\EDL_MTH5\VIC078b.h5,16.833332175925925
VIC079,-36.00742,143.55606,103.0,10.2,AGRF,nan,"['bx', 'by', 'bz', 'ex', 'ey']",2014-07-01 07:00:00+00:00,2014-07-18 04:59:59.900000+00:00,10.0,1,EDL,E:\MT_Timeseries_DATA\MT_AusLAMP_GA\EDL_MTH5\VIC079.h5,16.916665509259257
VIC080,-35.97749,143.95425,92.0,10.5,AGRF,nan,"['bx', 'by', 'bz', 'ex', 'ey']",2014-07-08 00:09:00+00:00,2014-07-24 02:59:59.900000+00:00,10.0,2,EDL,E:\MT_Timeseries_DATA\MT_AusLAMP_GA\EDL_MTH5\VIC080.h5,16.11874884259259
VIC081,-36.00216,144.50682,38.0,10.733,AGRF,nan,"['bx', 'by', 'bz', 'ex', 'ey']",2014-02-27 01:00:00+00:00,2014-04-02 05:59:59.900000+00:00,10.0,1,EDL,E:\MT_Timeseries_DATA\MT_AusLAMP_GA\EDL_MTH5\VIC081.h5,34.208332175925925
VIC082R,-35.97454,145.05205,84.0,10.93,AGRF,,"['bx', 'by', 'bz', 'ex', 'ey', 'temperature_e', 'temperature_h']",2016-12-08 00:00:00+00:00,2017-01-16 23:59:59+00:00,1.0,1,LEMI-424,E:\MT_Timeseries_DATA\MT_AusLAMP_GA\LEMI_MTH5\VIC082R.h5,39.99998842592593
VIC083,-36.03169,145.55508,123.0,11.158,AGRF,nan,"['bx', 'by', 'bz', 'e1', 'e2', 'temperature_h', 'temperature_e']",2014-08-01 00:00:00+00:00,2014-08-19 01:59:59.900000+00:00,10.0,1,EDL,E:\MT_Timeseries_DATA\MT_AusLAMP_GA\EDL_MTH5\VIC083.h5,18.083332175925925
VIC084,-36.0807,145.95886,214.0,11.343,AGRF,nan,"['bx', 'by', 'bz', 'ex', 'ey']",2014-08-02 05:00:00+00:00,2014-08-18 17:49:59.900000+00:00,10.0,2,EDL,E:\MT_Timeseries_DATA\MT_AusLAMP_GA\EDL_MTH5\VIC084.h5,16.534721064814814
VIC085,-35.99615,146.49242,156.0,11.517,AGRF,nan,"['bx', 'by', 'bz', 'ex', 'ey']",2014-02-23 03:00:00+00:00,2014-04-01 03:47:59.900000+00:00,10.0,1,EDL,E:\MT_Timeseries_DATA\MT_AusLAMP_GA\EDL_MTH5\VIC085.h5,37.03333217592593
VIC086,-36.05529,147.47225,822.0,11.924,AGRF,nan,"['bx', 'by', 'bz', 'ex', 'ey']",2013-11-19 08:00:00+00:00,2013-12-22 21:58:59.900000+00:00,10.0,2,EDL,E:\MT_Timeseries_DATA\MT_AusLAMP_GA\EDL_MTH5\VIC086.h5,33.58263773148148
VIC087,-35.39036,140.97699,138.0,9.09,AGRF,nan,"['bx', 'by', 'bz', 'ex', 'ey']",2014-08-20 03:00:00+00:00,2014-09-06 03:59:59.900000+00:00,10.0,2,EDL,E:\MT_Timeseries_DATA\MT_AusLAMP_GA\EDL_MTH5\VIC087.h5,17.041665509259257
VIC088,-35.36356,141.54494,77.0,9.389,AGRF,nan,"['bx', 'by', 'bz', 'ex', 'ey']",2014-07-06 02:00:00+00:00,2014-07-20 15:46:59.900000+00:00,10.0,1,EDL,E:\MT_Timeseries_DATA\MT_AusLAMP_GA\EDL_MTH5\VIC088.h5,14.574304398148147
VIC089,-35.49146,142.0034,68.0,9.611,AGRF,nan,"['bx', 'by', 'bz', 'ex', 'ey']",2014-07-07 02:00:00+00:00,2014-07-22 02:54:59.900000+00:00,10.0,1,EDL,E:\MT_Timeseries_DATA\MT_AusLAMP_GA\EDL_MTH5\VIC089.h5,15.038193287037036
VIC090,-35.54236,142.46494,103.0,9.795,AGRF,nan,"['bx', 'by', 'bz', 'ex', 'ey']",2014-07-05 03:00:00+00:00,2014-07-19 16:59:59.900000+00:00,10.0,1,EDL,E:\MT_Timeseries_DATA\MT_AusLAMP_GA\EDL_MTH5\VIC090.h5,14.583332175925925
VIC091,-35.49349,142.99228,66.0,9.988,AGRF,nan,"['bx', 'by', 'bz', 'ex', 'ey']",2014-07-07 07:00:00+00:00,2014-07-24 06:59:59.900000+00:00,10.0,2,EDL,E:\MT_Timeseries_DATA\MT_AusLAMP_GA\EDL_MTH5\VIC091.h5,16.999998842592593
VIC092,-35.49316,143.45205,97.0,10.5,AGRF,nan,"['bx', 'by', 'bz', 'ex', 'ey']",2014-07-04 00:00:00+00:00,2014-07-20 13:26:59.900000+00:00,10.0,1,EDL,E:\MT_Timeseries_DATA\MT_AusLAMP_GA\EDL_MTH5\VIC092.h5,16.560415509259258
VIC093,-34.99869,141.07962,23.0,9.117,AGRF,nan,"['bx', 'by', 'bz', 'ex', 'ey']",2014-08-19 07:00:00+00:00,2014-09-03 09:59:59.900000+00:00,10.0,1,EDL,E:\MT_Timeseries_DATA\MT_AusLAMP_GA\EDL_MTH5\VIC093.h5,15.124998842592591
VIC094,-34.99594,141.47936,52.0,9.275,AGRF,nan,"['bx', 'by', 'bz', 'ex', 'ey']",2014-07-09 03:00:00+00:00,2014-07-27 04:59:59.900000+00:00,10.0,1,EDL,E:\MT_Timeseries_DATA\MT_AusLAMP_GA\EDL_MTH5\VIC094.h5,18.083332175925925
VIC095,-34.95789,141.99326,65.0,9.31,AGRF,nan,"['bx', 'by', 'bz', 'ex', 'ey']",2014-07-09 00:00:00+00:00,2014-07-28 10:59:59.900000+00:00,10.0,3,EDL,E:\MT_Timeseries_DATA\MT_AusLAMP_GA\EDL_MTH5\VIC095.h5,19.458332175925925
VIC096,-34.97816,142.48331,63.0,9.655,AGRF,nan,"['bx', 'by', 'bz', 'ex', 'ey']",2014-07-03 05:00:00+00:00,2014-07-20 16:59:59.900000+00:00,10.0,1,EDL,E:\MT_Timeseries_DATA\MT_AusLAMP_GA\EDL_MTH5\VIC096.h5,17.499998842592593
VIC097,-35.0074,143.00987,58.0,9.86,AGRF,nan,"['bx', 'by', 'bz', 'ex', 'ey']",2014-07-10 01:00:00+00:00,2014-07-30 01:15:59.900000+00:00,10.0,1,EDL,E:\MT_Timeseries_DATA\MT_AusLAMP_GA\EDL_MTH5\VIC097.h5,20.011109953703702
VIC098,-34.49345,141.00513,29.0,8.96,AGRF,nan,"['bx', 'by', 'bz', 'ex', 'ey']",2014-08-19 01:00:00+00:00,2014-09-05 23:59:59.900000+00:00,10.0,1,EDL,E:\MT_Timeseries_DATA\MT_AusLAMP_GA\EDL_MTH5\VIC098.h5,17.958332175925925
VIC099,-34.49661,141.53231,114.0,9.178,AGRF,nan,"['bx', 'by', 'bz', 'ex', 'ey']",2014-07-11 06:00:00+00:00,2014-07-29 06:59:59.900000+00:00,10.0,1,EDL,E:\MT_Timeseries_DATA\MT_AusLAMP_GA\EDL_MTH5\VIC099.h5,18.041665509259257
VIC100,-34.50367,141.99907,48.0,9.35,AGRF,nan,"['bx', 'by', 'bz', 'ex', 'ey']",2014-07-11 02:46:00+00:00,2014-07-29 14:55:59.900000+00:00,10.0,3,EDL,E:\MT_Timeseries_DATA\MT_AusLAMP_GA\EDL_MTH5\VIC100.h5,18.506943287037036
